{"cameraMode":{"drawMode":0,"name":"Shaded","section":"Shading Mode"},"sceneLighting":true,"audioPlay":false,"sceneViewState":{"showFog":false,"showMaterialUpdate":false,"showSkybox":false,"showFlares":false,"showImageEffects":false,"showParticleSystems":true},"in2DMode":false,"pivot":{"x":358.5894470214844,"y":76.9500732421875,"z":-6.658000946044922},"rotation":{"x":0.24563629925251008,"y":-0.6363247632980347,"z":0.2245987355709076,"w":0.6959231495857239},"size":328.4518127441406,"orthographic":false}