{"cameraMode":{"drawMode":0,"name":"Shaded","section":"Shading Mode"},"sceneLighting":true,"audioPlay":false,"sceneViewState":{"showFog":false,"showMaterialUpdate":false,"showSkybox":false,"showFlares":false,"showImageEffects":false,"showParticleSystems":true},"in2DMode":false,"pivot":{"x":-0.5947547554969788,"y":0.810541570186615,"z":-0.14965912699699403},"rotation":{"x":0.24563629925251008,"y":-0.6363247632980347,"z":0.2245987355709076,"w":0.6959231495857239},"size":6.296563148498535,"orthographic":false}